Test,Resistance (ohms)
IV Channel Sweep [00_02_20(12) ; 12_4_2022 8_43_03 AM].csv,741712.7610766351
IV Channel Sweep [00_02_30(13) ; 12_4_2022 8_43_19 AM].csv,789961.8831549538
IV Channel Sweep [00_02_00(10) ; 12_4_2022 8_42_23 AM].csv,761138.4698183027
IV Channel Sweep [00_02_10(11) ; 12_4_2022 8_42_44 AM].csv,717770.7383161762
average,752645.9630915171
