Test,Dirac Point (V)
Gate Sweep Ext [00_02(1) ; 12_4_2022 8_45_32 AM].csv,34.32749991147692
average,34.32749991147692
